,project,n_file_metrics/processed_fm,median_Comment,mean_Comment,sd_Comment,25per_Comment,75per_Comment,max_Comment,median_Code,mean_Code,sd_Code,25per_Code,75per_Code,max_Code,median_Cyclomatic,mean_Cyclomatic,sd_Cyclomatic,25per_Cyclomatic,75per_Cyclomatic,max_Cyclomatic,median_Lines,mean_Lines,sd_Lines,25per_Lines,75per_Lines,max_Lines,median_Modified,mean_Modified,sd_Modified,25per_Modified,75per_Modified,max_Modified,median_Strict,mean_Strict,sd_Strict,25per_Strict,75per_Strict,max_Strict,median_Blank,mean_Blank,sd_Blank,25per_Blank,75per_Blank,max_Blank,median_Essential,mean_Essential,sd_Essential,25per_Essential,75per_Essential,max_Essential
0,ambermd,411,2.0,3.170316301703163,3.703023767363698,1.0,4.0,28.0,18.0,22.16058394160584,16.183656424551796,11.0,29.0,101.0,5.0,5.557177615571776,4.090860225010247,3.0,7.0,28.0,23.0,27.508515815085158,21.067760608572403,13.0,36.0,115.0,5.0,5.406326034063261,3.892188409544654,3.0,7.0,23.0,5.0,6.087591240875913,4.687514999085848,3.0,8.0,30.0,0.0,0.9294403892944039,1.6192092102504383,0.0,1.0,16.0,2.0,2.413625304136253,2.0822617266532486,1.0,3.0,18.0
1,abinit,26,10.0,11.26923076923077,8.9913633774092,3.25,15.75,30.0,26.5,35.34615384615385,25.91207024950698,19.5,48.5,113.0,4.0,5.076923076923077,4.068641807021866,2.0,7.0,18.0,54.5,55.11538461538461,32.736923402270925,36.5,61.0,160.0,4.0,5.076923076923077,4.068641807021866,2.0,7.0,18.0,4.0,5.076923076923077,4.068641807021866,2.0,7.0,18.0,8.0,8.807692307692308,10.729470558305216,3.25,9.0,56.0,1.0,1.7307692307692308,1.5377305955905882,1.0,2.5,8.0
2,acemd,178,3.0,4.544943820224719,6.503428235199134,0.0,6.0,44.0,11.5,14.146067415730338,14.538902080726162,5.0,18.0,87.0,2.0,2.966292134831461,3.305360953484376,1.0,4.0,30.0,17.0,21.280898876404493,17.24269354084183,11.0,29.75,90.0,2.0,2.966292134831461,3.305360953484376,1.0,4.0,30.0,2.0,2.966292134831461,3.305360953484376,1.0,4.0,30.0,1.0,2.303370786516854,3.1850799576018325,0.0,3.0,19.0,1.0,1.4887640449438202,1.4738349379210187,1.0,2.0,10.0
3,apbs,528,1.0,2.492424242424242,4.854225979641098,0.0,3.0,60.0,8.0,10.941287878787879,13.31355759350319,4.0,13.0,134.0,2.0,2.462121212121212,2.615543388796356,1.0,3.0,25.0,10.0,15.704545454545455,19.555589478941762,6.0,19.0,172.0,2.0,2.462121212121212,2.615543388796356,1.0,3.0,25.0,2.0,2.462121212121212,2.615543388796356,1.0,3.0,25.0,1.0,1.4602272727272727,3.255462428269351,0.0,2.0,41.0,1.0,1.2386363636363635,0.786426378094506,1.0,1.0,11.0
4,blis,836,0.0,13.224880382775119,38.537138514630975,0.0,9.0,596.0,7.0,43.57655502392345,90.14541878275969,1.0,38.25,998.0,2.0,4.992822966507177,7.9076978290427835,1.0,6.0,65.0,10.0,65.7464114832536,126.35568198676567,1.0,62.75,1004.0,2.0,4.952153110047847,7.846436784226619,1.0,6.0,65.0,2.0,5.651913875598086,9.210363008690544,1.0,6.0,71.0,1.0,9.874401913875598,23.48605936873627,0.0,8.0,227.0,1.0,1.167464114832536,1.5447632316392323,1.0,1.0,20.0
5,dealii,4910,1.0,2.6260692464358453,9.710428135386767,0.0,3.0,442.0,21.0,25.841344195519348,27.442554333991396,13.0,31.0,456.0,3.0,3.7826883910386964,5.46682299877977,2.0,4.0,127.0,26.0,33.184114052953156,44.72842740983594,16.0,38.0,1032.0,3.0,3.7556008146639512,5.437972631310965,2.0,4.0,127.0,3.0,3.94928716904277,6.097803613027719,2.0,4.0,164.0,3.0,4.395519348268839,5.8491929306216015,2.0,5.0,130.0,1.0,1.1089613034623218,1.448139674034189,1.0,1.0,48.0
6,elasticsearch,8973,0.0,0.5707121364092277,1.680126392099527,0.0,0.0,65.0,6.0,8.39930903822579,8.923863545774191,3.0,10.0,257.0,1.0,1.352613395742784,1.274266514949821,1.0,1.0,32.0,7.0,9.718600245179985,10.472425555479289,4.0,12.0,273.0,1.0,1.3204056614287307,1.1817565590259094,1.0,1.0,32.0,1.0,1.4220439095062967,1.5538598953997873,1.0,2.0,61.0,0.0,0.4037668561239273,1.3229242137347355,0.0,0.0,23.0,1.0,0.9974367547085702,0.631762659282466,1.0,1.0,31.0
7,hoomd,285,2.0,2.9368421052631577,3.458436896523484,1.0,4.0,40.0,21.0,24.894736842105264,20.51011791751484,12.0,32.0,205.0,2.0,2.680701754385965,2.403008574689679,1.0,3.0,19.0,29.0,34.01754385964912,29.171597239359876,17.0,44.0,315.0,2.0,2.6210526315789475,2.3112353292601258,1.0,3.0,19.0,3.0,4.098245614035088,4.368279193054791,2.0,5.0,36.0,3.0,4.445614035087719,6.028806149056455,2.0,6.0,86.0,1.0,1.0035087719298246,0.5138795113754923,1.0,1.0,6.0
8,lammps,3075,0.0,1.5183739837398373,3.3953215098825726,0.0,2.0,55.0,12.0,18.604227642276424,28.904354789161097,0.0,28.0,547.0,2.0,3.8858536585365853,6.1768802735293,0.0,5.0,113.0,14.0,24.699837398373983,62.983536049083185,0.0,35.0,2839.0,2.0,3.8390243902439023,6.063836215874468,0.0,5.0,113.0,3.0,4.393821138211382,7.221878190186585,0.0,6.0,131.0,1.0,3.36,6.0278166731539615,0.0,5.0,124.0,1.0,0.9642276422764228,1.4603928403334063,0.0,1.0,40.0
9,libmesh,2418,2.0,7.91852770885029,20.005387668602086,0.0,6.75,244.0,19.0,51.83209263854425,158.47608709796887,7.0,50.0,6028.0,3.0,16.7808105872622,118.13742730081687,1.0,11.0,5211.0,28.0,74.3697270471464,197.6323692036869,8.0,74.75,6720.0,3.0,15.968569065343258,118.05785558666369,1.0,9.0,5211.0,3.0,18.08850289495451,120.96427675850803,1.0,12.0,5211.0,3.0,9.422249793217535,27.919856067509013,0.0,9.0,662.0,1.0,8.044251447477254,58.99632277165426,1.0,3.0,2605.0
10,madness,552,1.0,9.846014492753623,42.875202162712164,0.0,3.0,603.0,17.0,47.007246376811594,151.08374362600392,8.0,41.0,3038.0,3.0,6.2518115942028984,9.460203988661585,2.0,7.0,71.0,22.0,62.39855072463768,188.17107287192783,10.0,51.25,3641.0,3.0,6.054347826086956,9.15310084666871,2.0,7.0,71.0,4.0,6.771739130434782,11.254459824240936,2.0,7.0,103.0,2.0,5.271739130434782,11.031816643605865,0.0,5.0,114.0,1.0,1.5181159420289856,2.867243767977977,1.0,1.0,34.0
11,molcas,5402,12.0,26.22769344687153,42.26379614462923,2.0,33.0,910.0,40.0,74.70899666790078,102.98344073441778,18.0,91.0,1415.0,6.0,12.311736393928175,18.321689997601087,2.0,15.0,385.0,60.0,107.88948537578675,144.453991180584,26.0,131.0,2003.0,6.0,12.281932617549057,18.118107122627176,2.0,15.0,344.0,6.0,12.315808959644576,18.321913298763107,2.0,15.0,385.0,1.0,7.738245094409478,21.036394163115173,0.0,6.0,303.0,1.0,2.886523509811181,7.260302092034547,1.0,1.0,241.0
12,mpqc,758,1.0,4.605540897097625,17.634070568627347,0.0,2.0,376.0,22.0,189.68337730870712,554.2150053370608,11.0,70.0,4160.0,3.0,5.844327176781003,12.121665844099596,1.0,6.0,212.0,28.0,201.844327176781,558.3693512407615,13.0,90.0,4161.0,3.0,5.700527704485488,11.68888981176553,1.0,6.0,212.0,3.0,6.7321899736147754,15.22671618631384,1.0,6.0,288.0,1.0,5.412928759894459,17.504170225828645,0.0,5.0,338.0,1.0,1.4010554089709764,1.809296102162649,1.0,1.0,24.0
13,nwchem,1435,24.0,60.234146341463415,75.15740491680073,1.0,110.0,520.0,62.0,113.50313588850175,153.416518433429,21.0,132.0,1402.0,10.0,29.266202090592333,47.92503670127198,4.0,33.0,336.0,108.0,187.50662020905924,216.01652702783824,35.0,257.5,1546.0,10.0,29.254355400696863,47.92940066277825,4.0,33.0,336.0,10.0,29.44668989547038,47.9854164254486,4.0,33.0,336.0,0.0,12.74006968641115,28.781944184041347,0.0,7.0,216.0,3.0,5.799303135888501,17.482651279149607,1.0,4.0,308.0
14,openmm,569,0.0,0.9771528998242531,1.759632938124482,0.0,2.0,21.0,13.0,22.24780316344464,54.339828915898096,4.0,26.0,662.0,3.0,4.437609841827768,5.146110788636118,1.0,6.0,49.0,15.0,25.061511423550087,56.0529623656511,4.0,30.0,668.0,3.0,4.383128295254833,5.005714697539127,1.0,6.0,49.0,3.0,4.875219683655536,5.827650910659738,1.0,6.0,53.0,0.0,1.7434094903339192,2.9108036332823097,0.0,3.0,34.0,1.0,1.4411247803163445,3.376148130255933,1.0,1.0,49.0
15,openmpi,3473,1.0,4.243881370572992,9.148582028565325,0.0,5.0,142.0,21.0,30.225741433918802,43.127687315976026,9.0,36.0,715.0,4.0,7.420385833573279,12.199147207613533,1.0,9.0,336.0,28.0,40.84739418370285,58.643181937089786,11.0,49.0,950.0,4.0,7.25655053268068,11.986508514560757,1.0,8.0,336.0,5.0,8.330837892312122,13.508220607500975,1.0,10.0,336.0,4.0,4.8281025050388715,6.5662254006796905,1.0,6.0,87.0,1.0,3.077166714655917,4.190980801767191,1.0,4.0,69.0
16,openmx,48,1.0,3.6458333333333335,6.902018154853629,0.0,3.0,33.0,23.5,32.729166666666664,32.76138073060851,16.0,40.0,206.0,6.0,7.6875,6.189064652804634,4.0,9.0,28.0,28.5,44.770833333333336,69.8339183526334,18.75,46.5,482.0,5.5,7.5625,5.960530641806558,4.0,9.0,27.0,7.0,8.791666666666666,7.380129542002471,5.0,10.25,39.0,3.0,3.8958333333333335,4.4780295026886945,2.0,4.0,23.0,1.0,2.3958333333333335,2.8113719171852,1.0,3.0,17.0
17,pcmsolver,114,3.0,9.026315789473685,19.23513586625267,1.0,8.75,128.0,25.5,44.3421052631579,67.30577812476409,10.25,52.25,477.0,3.0,20.587719298245613,36.79981997924148,2.0,18.0,190.0,32.5,57.46491228070175,86.0515568678032,13.25,56.0,485.0,3.0,20.56140350877193,36.81309768064336,2.0,18.0,190.0,3.0,24.157894736842106,43.80640817618532,2.0,20.0,226.0,2.0,4.052631578947368,7.11951338854092,0.0,4.0,58.0,1.0,1.0263157894736843,0.28097574347450816,1.0,1.0,3.0
18,plumed,485,0.0,1.8309278350515463,7.363936032408861,0.0,1.0,109.0,9.0,16.736082474226805,37.648170594121744,5.0,16.0,476.0,3.0,3.995876288659794,6.855653357621759,2.0,4.0,84.0,10.0,20.24742268041237,49.23623920015728,6.0,18.0,627.0,3.0,3.954639175257732,6.810753842005744,2.0,4.0,84.0,3.0,4.490721649484536,9.156266003277436,2.0,4.0,134.0,0.0,1.4639175257731958,4.536039922112914,0.0,1.0,60.0,1.0,1.179381443298969,1.4225121928866324,1.0,1.0,26.0
19,psi4,1539,4.0,16.28460038986355,78.12679894429945,0.0,17.0,2883.0,39.0,97.84535412605588,154.56493998473601,13.0,109.0,1411.0,5.0,13.094866796621183,22.249006778546097,3.0,14.0,349.0,67.0,243.58284600389862,2674.8931291543886,25.0,167.5,102795.0,5.0,12.956465237166991,21.78655893678877,3.0,14.0,326.0,6.0,15.25925925925926,27.38887650631173,3.0,15.0,373.0,8.0,19.637426900584796,37.969802560835035,2.0,21.0,463.0,1.0,1.4619883040935673,2.251213560285066,1.0,1.0,58.0
20,trilinos,16403,0.0,4.3181735048466745,15.427150714828697,0.0,2.0,475.0,1.0,22.4894836310431,62.61888239291669,0.0,18.0,2247.0,1.0,4.185819667134061,12.436419502262304,0.0,3.0,524.0,1.0,32.82808022922636,91.75796175302995,0.0,25.0,3421.0,1.0,4.106261049807962,12.280706054193315,0.0,3.0,524.0,1.0,4.643357922331281,13.997987130033247,0.0,4.0,647.0,0.0,4.520209717734561,13.330495586302407,0.0,3.0,252.0,1.0,1.0254221788697189,2.911891522609848,0.0,1.0,134.0
21,forcebalance,119,2.0,4.2100840336134455,6.592077872025224,0.0,6.0,46.0,11.0,14.067226890756302,13.106300136256747,4.0,21.5,63.0,3.0,3.764705882352941,3.416574462356925,1.0,5.0,23.0,18.0,25.30252100840336,25.23266467244418,10.0,30.5,178.0,3.0,3.764705882352941,3.416574462356925,1.0,5.0,23.0,3.0,3.764705882352941,3.416574462356925,1.0,5.0,23.0,0.0,1.4201680672268908,2.9241710351312338,0.0,2.0,22.0,1.0,1.3781512605042017,0.8732522170332477,1.0,1.0,6.0
22,mdanalysis,327,0.0,4.418960244648318,9.908105754976019,0.0,5.0,94.0,5.0,9.021406727828746,11.7766601545351,3.0,11.0,74.0,1.0,1.7951070336391437,2.079163478593554,1.0,2.0,19.0,7.0,18.31804281345566,30.802703029914138,4.0,20.0,325.0,1.0,1.7951070336391437,2.079163478593554,1.0,2.0,19.0,1.0,1.7951070336391437,2.079163478593554,1.0,2.0,19.0,0.0,1.6758409785932722,4.111050178449133,0.0,2.0,40.0,1.0,1.1131498470948011,0.8701129178140669,1.0,1.0,10.0
23,openmmtools,6059,0.0,3.246245254992573,6.745853330313533,0.0,4.0,103.0,7.0,13.658854596468064,26.543080751163316,0.0,15.0,578.0,1.0,3.1298894206964847,5.46136188078765,1.0,3.0,84.0,13.0,64.95428288496451,1473.330792464418,6.0,29.0,102795.0,1.0,3.1298894206964847,5.46136188078765,1.0,3.0,84.0,1.0,3.1298894206964847,5.46136188078765,1.0,3.0,84.0,0.0,1.6273312427793365,3.977912647407604,0.0,2.0,81.0,1.0,1.2589536227100182,1.6701752213617704,1.0,1.0,30.0
24,foyer,19,0.0,2.526315789473684,4.811657384272672,0.0,2.5,18.0,8.0,9.736842105263158,7.950137002754928,6.0,12.5,31.0,2.0,2.473684210526316,2.143942916234053,1.0,3.0,8.0,10.0,15.157894736842104,11.378650368586177,6.0,23.0,41.0,2.0,2.473684210526316,2.143942916234053,1.0,3.0,8.0,2.0,2.473684210526316,2.143942916234053,1.0,3.0,8.0,1.0,1.0,1.247219128924647,0.0,1.0,4.0,1.0,1.2105263157894737,0.7132825035177587,1.0,1.5,3.0
25,yank,52,4.0,7.788461538461538,10.906620652489718,1.0,10.25,60.0,12.0,15.923076923076923,19.612767104214615,7.0,16.25,112.0,2.0,2.230769230769231,1.843008884846442,1.0,3.0,11.0,19.0,25.403846153846153,25.138252716187854,11.5,30.5,144.0,2.0,2.230769230769231,1.843008884846442,1.0,3.0,11.0,2.0,2.230769230769231,1.843008884846442,1.0,3.0,11.0,1.5,2.8846153846153846,4.32799299659579,0.0,3.0,21.0,1.0,1.1538461538461537,0.9778851808099263,1.0,1.0,7.0
26,pyscf,33,0.0,4.0,6.408002808988148,0.0,6.0,24.0,4.0,8.272727272727273,9.58277336967464,0.0,15.0,29.0,2.0,2.4242424242424243,1.9530473469411693,1.0,4.0,7.0,18.0,19.727272727272727,16.403644273591933,6.0,29.0,71.0,2.0,2.4242424242424243,1.9530473469411693,1.0,4.0,7.0,2.0,2.4242424242424243,1.9530473469411693,1.0,4.0,7.0,0.0,1.5151515151515151,2.0174428759139023,0.0,3.0,6.0,1.0,0.8787878787878788,0.5998737240857319,1.0,1.0,3.0
27,mdtraj,6059,0.0,3.246245254992573,6.745853330313533,0.0,4.0,103.0,7.0,13.658854596468064,26.543080751163316,0.0,15.0,578.0,1.0,3.1298894206964847,5.46136188078765,1.0,3.0,84.0,13.0,64.95428288496451,1473.330792464418,6.0,29.0,102795.0,1.0,3.1298894206964847,5.46136188078765,1.0,3.0,84.0,1.0,3.1298894206964847,5.46136188078765,1.0,3.0,84.0,0.0,1.6273312427793365,3.977912647407604,0.0,2.0,81.0,1.0,1.2589536227100182,1.6701752213617704,1.0,1.0,30.0
28,cctools,371,0.0,1.210242587601078,2.8577070179519213,0.0,1.0,27.0,18.0,24.355795148247978,19.72082415911361,12.0,32.0,129.0,4.0,6.681940700808625,8.531415554211168,3.0,7.0,84.0,22.0,29.506738544474395,24.720640962653643,14.0,38.0,160.0,4.0,6.0889487870619945,7.6857299658640725,3.0,7.0,84.0,5.0,7.188679245283019,9.002220815012468,3.0,8.0,86.0,3.0,3.8463611859838274,3.847162024423338,1.0,5.0,23.0,2.0,3.439353099730458,5.053600655017076,1.0,4.0,52.0
29,openforcefield,33,0.0,4.0,6.408002808988148,0.0,6.0,24.0,4.0,8.272727272727273,9.58277336967464,0.0,15.0,29.0,2.0,2.4242424242424243,1.9530473469411693,1.0,4.0,7.0,18.0,19.727272727272727,16.403644273591933,6.0,29.0,71.0,2.0,2.4242424242424243,1.9530473469411693,1.0,4.0,7.0,2.0,2.4242424242424243,1.9530473469411693,1.0,4.0,7.0,0.0,1.5151515151515151,2.0174428759139023,0.0,3.0,6.0,1.0,0.8787878787878788,0.5998737240857319,1.0,1.0,3.0
30,quantum_package,357,3.0,9.27170868347339,15.390665879990475,1.0,12.0,104.0,40.0,103.47899159663865,186.81949989375656,20.0,92.0,2210.0,5.0,14.210084033613445,22.549274615097396,2.0,15.0,91.0,50.0,123.85434173669468,204.32889895654262,26.0,120.0,2264.0,5.0,14.201680672268907,22.54978754923693,2.0,15.0,91.0,5.0,14.210084033613445,22.549274615097396,2.0,15.0,91.0,6.0,12.327731092436975,16.20381556728913,2.0,14.0,109.0,1.0,4.518207282913165,7.078439262656376,1.0,5.0,61.0
31,pymatgen,464,1.0,2.855603448275862,4.509008365319297,0.0,5.0,39.0,9.0,11.676724137931034,11.811286894358362,4.0,15.0,80.0,1.0,1.9913793103448276,2.750207342366626,1.0,2.0,26.0,13.0,16.939655172413794,16.131366112856476,7.0,22.0,108.0,1.0,1.9913793103448276,2.750207342366626,1.0,2.0,26.0,1.0,1.9913793103448276,2.750207342366626,1.0,2.0,26.0,0.0,1.2112068965517242,1.9909632365689685,0.0,2.0,18.0,1.0,1.1487068965517242,1.3870266099511552,1.0,1.0,20.0
32,mast,798,2.0,4.9411027568922306,6.8326685772501765,0.0,8.0,55.0,11.0,26.69172932330827,43.38679822529922,0.0,39.0,326.0,2.0,5.4072681704260654,8.60178834113936,0.0,7.0,56.0,17.0,31.045112781954888,44.188747324831795,0.0,44.75,302.0,2.0,5.4072681704260654,8.60178834113936,0.0,7.0,56.0,2.0,5.4072681704260654,8.60178834113936,0.0,7.0,56.0,0.0,0.8333333333333334,2.6688484383000244,0.0,0.0,18.0,1.0,0.9987468671679198,1.3352656805765024,0.0,1.0,12.0
33,scirun,2639,0.0,2.3543008715422507,10.5650755839431,0.0,1.0,161.0,11.0,22.67677150435771,37.967921129688435,4.0,26.0,529.0,2.0,4.200454717696097,6.717209954533943,1.0,5.0,76.0,13.0,28.755968169761275,50.53973599198954,5.0,33.0,632.0,2.0,4.105721864342554,6.525958651059091,1.0,5.0,76.0,2.0,4.792724516862448,7.871928328838871,1.0,5.0,90.0,1.0,3.0117468738158393,5.874948932622462,0.0,3.0,73.0,1.0,1.863584691170898,2.8831745366790282,1.0,1.0,44.0
34,signac,80,0.0,1.275,3.482233387797063,0.0,1.0,22.0,4.0,4.85,5.5804813548562935,0.0,8.0,31.0,2.0,1.8625,0.9378638534429913,1.0,2.0,5.0,8.0,9.9375,7.863300028726626,6.0,11.0,45.0,2.0,1.8625,0.9378638534429913,1.0,2.0,5.0,2.0,1.8625,0.9378638534429913,1.0,2.0,5.0,0.0,0.2875,0.8886592090747824,0.0,0.0,6.0,1.0,1.125,0.4871773518462232,1.0,1.0,3.0
35,signac_flow,50,1.0,2.96,4.703277190059141,0.0,3.0,24.0,7.0,10.58,11.375035321766196,3.25,12.75,57.0,2.0,2.16,1.5301060387423868,1.0,3.0,8.0,9.0,14.54,12.434661890318154,5.25,21.0,49.0,2.0,2.16,1.5301060387423868,1.0,3.0,8.0,2.0,2.16,1.5301060387423868,1.0,3.0,8.0,0.0,1.14,1.8845234335047605,0.0,2.0,8.0,1.0,1.32,0.7406560798180412,1.0,1.0,4.0
36,luigi,223,0.0,1.0089686098654709,1.657608804712581,0.0,1.5,9.0,5.0,5.690582959641255,3.6819808516558816,3.0,7.0,20.0,1.0,1.2152466367713004,0.6284119891325153,1.0,1.0,4.0,7.0,7.816143497757848,5.177681610740324,5.0,10.0,31.0,1.0,1.2152466367713004,0.6284119891325153,1.0,1.0,4.0,1.0,1.2152466367713004,0.6284119891325153,1.0,1.0,4.0,0.0,0.42152466367713004,0.6724189278114151,0.0,1.0,3.0,1.0,0.9641255605381166,0.3127400302261898,1.0,1.0,3.0
37,parsl,183,0.0,1.0601092896174864,2.174197840980994,0.0,1.0,12.0,5.0,5.273224043715847,5.263568963141681,0.0,8.0,27.0,1.0,1.4262295081967213,0.7871010182756949,1.0,2.0,5.0,9.0,10.491803278688524,7.609182460641213,5.0,14.0,40.0,1.0,1.4262295081967213,0.7871010182756949,1.0,2.0,5.0,1.0,1.4262295081967213,0.7871010182756949,1.0,2.0,5.0,0.0,0.8415300546448088,1.4188766094636152,0.0,1.0,10.0,1.0,0.9617486338797814,0.3032084877066508,1.0,1.0,3.0
38,rmg-py,401,1.0,3.039900249376559,5.321973693097791,0.0,4.0,50.0,6.0,10.521197007481296,16.197690408314113,0.0,15.0,147.0,1.0,2.516209476309227,3.4799944821809667,1.0,2.0,23.0,20.0,194.0149625935162,2163.7300790014365,10.0,42.0,42340.0,1.0,2.516209476309227,3.4799944821809667,1.0,2.0,23.0,1.0,2.516209476309227,3.4799944821809667,1.0,2.0,23.0,0.0,1.7605985037406484,3.4485567475246444,0.0,3.0,28.0,1.0,1.3516209476309227,1.5308669491370241,1.0,1.0,21.0
39,hydroshare,687,0.0,2.0,4.276861605138092,0.0,2.0,68.0,2.0,11.885007278020378,21.300704062295914,0.0,17.0,203.0,1.0,1.480349344978166,2.5266753862571645,0.0,1.0,24.0,5.0,17.726346433770015,35.31942026294759,0.0,24.0,488.0,1.0,1.480349344978166,2.5266753862571645,0.0,1.0,24.0,1.0,1.480349344978166,2.5266753862571645,0.0,1.0,24.0,0.0,1.6506550218340612,3.5051310172191816,0.0,2.0,30.0,1.0,0.8020378457059679,1.1873219657955707,0.0,1.0,16.0
40,taudem,81,14.0,26.88888888888889,50.2598249101606,2.0,32.0,384.0,108.0,131.4814814814815,82.4922892019477,77.0,176.0,522.0,18.0,20.839506172839506,12.6367092137584,14.0,27.0,73.0,128.0,171.34567901234567,135.59951700631413,94.0,220.0,813.0,18.0,20.790123456790123,12.631029302260679,13.0,27.0,73.0,19.0,23.333333333333332,15.326447729333761,14.0,32.0,84.0,11.0,17.358024691358025,19.74101608452267,5.0,21.0,120.0,6.0,8.37037037037037,7.440504761849905,1.0,13.0,30.0
41,goofit,129,0.0,0.751937984496124,1.6155059566971677,0.0,1.0,10.0,7.0,14.922480620155039,24.358844775531733,5.0,15.0,178.0,1.0,1.434108527131783,1.1581569493725128,1.0,1.0,7.0,9.0,17.8062015503876,28.26218695077064,6.0,17.0,219.0,1.0,1.434108527131783,1.1581569493725128,1.0,1.0,7.0,1.0,1.4651162790697674,1.231402348619673,1.0,1.0,8.0,1.0,2.062015503875969,3.884568705919327,0.0,2.0,35.0,1.0,1.054263565891473,0.3603400633295028,1.0,1.0,4.0
42,changa,49,3.0,3.979591836734694,4.9433869795851475,1.0,6.0,28.0,24.0,28.79591836734694,20.49184755766377,14.0,37.0,106.0,4.0,5.1020408163265305,3.4353850946144773,3.0,6.0,20.0,37.0,40.08163265306123,26.267721585225306,21.0,52.0,133.0,4.0,5.0,3.181980515339464,3.0,6.0,18.0,5.0,5.653061224489796,4.049439366588104,3.0,7.0,24.0,3.0,3.9591836734693877,4.605065977058442,1.0,5.0,26.0,1.0,1.6734693877551021,1.3751932455422526,1.0,2.0,8.0
43,metpy,95,1.0,4.410526315789474,7.9646756513170756,0.0,5.0,37.0,5.0,5.536842105263158,5.281059142472596,0.0,8.5,20.0,1.0,1.3789473684210527,0.8401994110875926,1.0,1.0,5.0,18.0,33.14736842105263,84.59414602012045,8.0,32.0,742.0,1.0,1.3789473684210527,0.8401994110875926,1.0,1.0,5.0,1.0,1.3789473684210527,0.8401994110875926,1.0,1.0,5.0,0.0,1.568421052631579,2.71188335114001,0.0,2.0,13.0,1.0,1.0210526315789474,0.20519567041703082,1.0,1.0,2.0
44,elasticsearch,8973,0.0,0.5707121364092277,1.680126392099527,0.0,0.0,65.0,6.0,8.39930903822579,8.923863545774191,3.0,10.0,257.0,1.0,1.352613395742784,1.274266514949821,1.0,1.0,32.0,7.0,9.718600245179985,10.472425555479289,4.0,12.0,273.0,1.0,1.3204056614287307,1.1817565590259094,1.0,1.0,32.0,1.0,1.4220439095062967,1.5538598953997873,1.0,2.0,61.0,0.0,0.4037668561239273,1.3229242137347355,0.0,0.0,23.0,1.0,0.9974367547085702,0.631762659282466,1.0,1.0,31.0
45,galaxy,1445,1.0,1.9363321799307958,3.0360418721899873,0.0,3.0,30.0,9.0,12.929411764705883,14.00946454911495,5.0,16.0,163.0,2.0,2.447750865051903,2.5047469047794766,1.0,3.0,29.0,12.0,15.66159169550173,35.36177802529421,6.0,18.0,1210.0,2.0,2.447750865051903,2.5047469047794766,1.0,3.0,29.0,2.0,2.447750865051903,2.5047469047794766,1.0,3.0,29.0,0.0,0.7799307958477508,1.7956584285112158,0.0,1.0,19.0,1.0,1.241522491349481,0.9284323346816565,1.0,1.0,13.0
46,abaco,88,0.0,1.2840909090909092,2.253726740651049,0.0,2.0,13.0,7.0,9.965909090909092,13.204360881560724,3.75,11.25,96.0,2.0,2.022727272727273,1.604428302430013,1.0,2.0,8.0,9.0,12.431818181818182,14.339716932829901,5.0,12.25,89.0,2.0,2.022727272727273,1.604428302430013,1.0,2.0,8.0,2.0,2.022727272727273,1.604428302430013,1.0,2.0,8.0,0.0,0.4090909090909091,1.130927435870119,0.0,0.0,5.0,1.0,1.1818181818181819,0.6350935227619059,1.0,1.0,4.0
47,cyclus,162,0.0,0.48148148148148145,1.1701368090222817,0.0,1.0,9.0,7.0,9.796296296296296,12.890913015426431,4.0,10.75,109.0,2.5,3.506172839506173,3.7154151161705884,2.0,4.0,32.0,8.0,11.024691358024691,14.28283538202801,4.0,12.0,119.0,2.0,3.4753086419753085,3.7136655767515867,2.0,4.0,32.0,2.5,3.5555555555555554,3.8833935342191253,2.0,4.0,32.0,0.0,0.7777777777777778,1.260976649982561,0.0,1.0,9.0,1.0,1.271604938271605,0.8777773409858178,1.0,1.0,8.0
48,irods,509,1.0,2.286836935166994,3.7248161735187852,0.0,3.0,28.0,21.0,27.587426326129666,37.58322417288471,8.0,37.0,579.0,3.0,4.4833005893909625,6.421713298107461,1.0,6.0,114.0,27.0,33.70333988212181,43.343986775683554,9.0,45.0,669.0,3.0,4.367387033398821,5.02048924443162,1.0,6.0,69.0,3.0,4.923379174852652,6.9466487399450125,1.0,7.0,116.0,3.0,3.9666011787819255,4.945854905687069,1.0,5.0,77.0,2.0,2.7387033398821217,4.19651325652776,1.0,3.0,80.0
49,learnsphere,109,2.0,2.706422018348624,3.459562036865087,1.0,3.0,19.0,12.0,18.513761467889907,21.69212806479836,6.0,23.0,168.0,2.0,3.44954128440367,4.2196327699881175,1.0,4.0,33.0,16.0,24.568807339449542,28.33508719162485,9.0,30.0,222.0,2.0,3.3577981651376145,4.097250513905673,1.0,4.0,33.0,2.0,4.1192660550458715,4.954841946580772,1.0,5.0,38.0,1.0,2.7339449541284404,4.616079388709409,1.0,3.0,40.0,1.0,1.5321100917431192,1.3233571740047378,1.0,1.0,8.0
50,orca,1403,1.0,3.270135424091233,4.380007317839676,0.0,6.0,25.0,5.0,8.136849607982894,9.645415520714373,3.0,11.0,175.0,1.0,1.5830363506771206,1.6487310352192348,1.0,2.0,32.0,11.0,12.848182466143978,13.321565080534933,4.0,16.0,197.0,1.0,1.564504632929437,1.627358889386234,1.0,2.0,32.0,1.0,1.6806842480399145,1.8761485389795711,1.0,2.0,35.0,0.0,1.1482537419814682,2.993235743333567,0.0,1.0,52.0,1.0,0.9529579472558802,0.7009750822894119,1.0,1.0,14.0
51,radical-pilot,270,1.0,2.7185185185185183,4.784814659801576,0.0,4.0,42.0,6.0,9.077777777777778,11.527785516288091,0.0,13.0,91.0,2.0,2.9851851851851854,2.6646109383112218,1.0,4.0,19.0,19.0,23.477777777777778,21.617266149697677,9.0,30.0,130.0,2.0,2.9851851851851854,2.6646109383112218,1.0,4.0,19.0,2.0,2.9851851851851854,2.6646109383112218,1.0,4.0,19.0,2.0,3.0148148148148146,4.02129126311786,0.0,4.0,33.0,1.0,1.5,1.1167864146338728,1.0,2.0,7.0
52,trellis,299,0.0,1.1772575250836121,1.8695774844523123,0.0,2.0,17.0,4.0,5.090301003344481,5.050935813654407,3.0,7.0,53.0,1.0,0.8929765886287625,0.4866515188431557,1.0,1.0,5.0,6.0,6.7157190635451505,6.532016174456413,3.0,9.0,74.0,1.0,0.8929765886287625,0.4866515188431557,1.0,1.0,5.0,1.0,0.9130434782608695,0.5487604409878961,1.0,1.0,6.0,0.0,0.2608695652173913,0.9652557714959212,0.0,0.0,11.0,1.0,0.8528428093645485,0.4076659855140003,1.0,1.0,4.0
53,xenon,240,0.0,0.7416666666666667,1.8363864523110378,0.0,0.0,12.0,4.0,5.341666666666667,4.108356283583391,3.0,7.0,23.0,1.0,1.175,0.8044073157966137,1.0,1.0,5.0,5.0,7.229166666666667,6.522056505426192,3.0,10.25,35.0,1.0,1.1625,0.7779989889313755,1.0,1.0,5.0,1.0,1.2375,0.9181172749403712,1.0,1.0,6.0,0.0,0.7958333333333333,1.537530260726575,0.0,1.0,10.0,1.0,0.9083333333333333,0.34217696694620997,1.0,1.0,2.0
54,yt,809,0.0,1.7181705809641532,4.3747337814985885,0.0,1.0,39.0,6.0,8.091470951792337,11.477875356957863,0.0,12.0,173.0,1.0,1.5290482076637824,1.5469417958355278,1.0,2.0,11.0,10.0,35.894932014833124,380.3064261992455,1.0,18.0,8266.0,1.0,1.5290482076637824,1.5469417958355278,1.0,2.0,11.0,1.0,1.5290482076637824,1.5469417958355278,1.0,2.0,11.0,0.0,0.9208899876390606,2.491802639668824,0.0,1.0,31.0,1.0,0.8479604449938195,0.6236858805852397,1.0,1.0,6.0
